loja,product_id,produto,variacao_shopee,sku_pai,sku_variacao
print_tech3d,23094334309,Boneco figure action Coyote,Coyote 1,BON-COYOTE,BON-COYOTE-PLA-V1-U
print_tech3d,23094334309,Boneco figure action Coyote,Coyote 2,BON-COYOTE,BON-COYOTE-PLA-V2-U
print_tech3d,23094334309,Boneco figure action Coyote,Coyote 3,BON-COYOTE,BON-COYOTE-PLA-V3-U
print_tech3d,23094334309,Boneco figure action Coyote,Coyote 4,BON-COYOTE,BON-COYOTE-PLA-V4-U
print_tech3d,58201048070,Kit 4 Miniaturas de Natal,-,DEC-KITNATAL4,DEC-KITNATAL4-PLA-STD-U
print_tech3d,58251218579,Enfeite Natal pet personalizado,"Gatinho,Vermelho",DEC-NATALPET,DEC-NATALPET-PLA-VRM-GAT
print_tech3d,58251218579,Enfeite Natal pet personalizado,"Gatinho,Rosa bebe",DEC-NATALPET,DEC-NATALPET-PLA-RSA-GAT
print_tech3d,58251218579,Enfeite Natal pet personalizado,"Gatinho,Verde",DEC-NATALPET,DEC-NATALPET-PLA-VRD-GAT
print_tech3d,58251218579,Enfeite Natal pet personalizado,"Gatinho,Azul Claro",DEC-NATALPET,DEC-NATALPET-PLA-AZC-GAT
print_tech3d,58251218579,Enfeite Natal pet personalizado,"Gatinho,Preto",DEC-NATALPET,DEC-NATALPET-PLA-PRT-GAT
print_tech3d,58251218579,Enfeite Natal pet personalizado,"Cachorrinho,Vermelho",DEC-NATALPET,DEC-NATALPET-PLA-VRM-CAO
print_tech3d,58251218579,Enfeite Natal pet personalizado,"Cachorrinho,Rosa bebe",DEC-NATALPET,DEC-NATALPET-PLA-RSA-CAO
print_tech3d,58251218579,Enfeite Natal pet personalizado,"Cachorrinho,Verde",DEC-NATALPET,DEC-NATALPET-PLA-VRD-CAO
print_tech3d,58251218579,Enfeite Natal pet personalizado,"Cachorrinho,Azul Claro",DEC-NATALPET,DEC-NATALPET-PLA-AZC-CAO
print_tech3d,58251218579,Enfeite Natal pet personalizado,"Cachorrinho,Preto",DEC-NATALPET,DEC-NATALPET-PLA-PRT-CAO
print_tech3d,23298020920,Kit 14 flocos de neve Branco,-,DEC-FLOCOS14,DEC-FLOCOS14-PLA-BRC-U
print_tech3d,22993629644,Chaveiro Royal Enfield,1,CHV-ROYALENF,CHV-ROYALENF-PLA-V1-U
print_tech3d,22993629644,Chaveiro Royal Enfield,2,CHV-ROYALENF,CHV-ROYALENF-PLA-V2-U
print_tech3d,18799691671,Boneco Articulado jogo Repo,Azul claro,BON-REPO,BON-REPO-PLA-AZC-U
print_tech3d,18799691671,Boneco Articulado jogo Repo,Preto,BON-REPO,BON-REPO-PLA-PRT-U
print_tech3d,18799691671,Boneco Articulado jogo Repo,Amarelo,BON-REPO,BON-REPO-PLA-AMR-U
print_tech3d,18799691671,Boneco Articulado jogo Repo,Verde tiffany,BON-REPO,BON-REPO-PLA-TIF-U
print_tech3d,18799691671,Boneco Articulado jogo Repo,Misteriosa ?,BON-REPO,BON-REPO-PLA-MIS-U
print_tech3d,18799691671,Boneco Articulado jogo Repo,Verde,BON-REPO,BON-REPO-PLA-VRD-U
print_tech3d,18799691671,Boneco Articulado jogo Repo,Rosa bebe,BON-REPO,BON-REPO-PLA-RSA-U
print_tech3d,18799691671,Boneco Articulado jogo Repo,Vermelho escarlete,BON-REPO,BON-REPO-PLA-ESC-U
print_tech3d,18799691671,Boneco Articulado jogo Repo,Laranja,BON-REPO,BON-REPO-PLA-LRJ-U
print_tech3d,18799691671,Boneco Articulado jogo Repo,Branco,BON-REPO,BON-REPO-PLA-BRC-U
print_tech3d,18799691671,Boneco Articulado jogo Repo,Roxo,BON-REPO,BON-REPO-PLA-ROX-U
print_tech3d,18799691671,Boneco Articulado jogo Repo,Cinza,BON-REPO,BON-REPO-PLA-CNZ-U
print_tech3d,18799691671,Boneco Articulado jogo Repo,Vermelho,BON-REPO,BON-REPO-PLA-VRM-U
print_tech3d,18799691671,Boneco Articulado jogo Repo,Verde escuro,BON-REPO,BON-REPO-PLA-VDE-U
print_tech3d,19198010925,Kit Cortadores Squid Games 4 Desenhos,-,COR-SQUIDGAME,COR-SQUIDGAME-PLA-STD-U
print_tech3d,19099561380,Kit 4un Reparo de Tomada 4x2,1,ELE-TOMADA,ELE-TOMADA-PLA-STD-04
print_tech3d,19099561380,Kit 4un Reparo de Tomada 4x2,2,ELE-TOMADA,ELE-TOMADA-PLA-STD-04
print_tech3d,19099561380,Kit 4un Reparo de Tomada 4x2,3,ELE-TOMADA,ELE-TOMADA-PLA-STD-04
print_tech3d,19099561380,Kit 4un Reparo de Tomada 4x2,4,ELE-TOMADA,ELE-TOMADA-PLA-STD-04
print_tech3d,18998016306,Vaso Pac Man,Azul Transformado,VAS-PACMAN,VAS-PACMAN-PLA-AZT-G
print_tech3d,18998016306,Vaso Pac Man,Amarelo Pac Man,VAS-PACMAN,VAS-PACMAN-PLA-AMR-G
print_tech3d,18998016306,Vaso Pac Man,Vermelho Neon,VAS-PACMAN,VAS-PACMAN-PLA-VNE-G
print_tech3d,18998016306,Vaso Pac Man,Azul,VAS-PACMAN,VAS-PACMAN-PLA-AZL-G
print_tech3d,18998016306,Vaso Pac Man,Vermelho,VAS-PACMAN,VAS-PACMAN-PLA-VRM-G
print_tech3d,18998016306,Vaso Pac Man,Rosa Bebe,VAS-PACMAN,VAS-PACMAN-PLA-RSA-G
print_tech3d,18998016306,Vaso Pac Man,Laranja,VAS-PACMAN,VAS-PACMAN-PLA-LRJ-G
print_tech3d,19699666863,Marcadores cortador pascoa playdoh,1,COR-PASCPLAY,COR-PASCPLAY-PLA-V1-U
print_tech3d,19699666863,Marcadores cortador pascoa playdoh,2,COR-PASCPLAY,COR-PASCPLAY-PLA-V2-U
print_tech3d,19699666863,Marcadores cortador pascoa playdoh,3,COR-PASCPLAY,COR-PASCPLAY-PLA-V3-U
print_tech3d,19898296419,Cranio de T-Rex decorativo,Pequeno,DEC-TREX,DEC-TREX-PLA-STD-P
print_tech3d,19898296419,Cranio de T-Rex decorativo,Medio,DEC-TREX,DEC-TREX-PLA-STD-M
print_tech3d,19898296419,Cranio de T-Rex decorativo,Grande,DEC-TREX,DEC-TREX-PLA-STD-G
print_tech3d,21999599002,Cortador de Biscoito Capivara,-,COR-CAPIVARA,COR-CAPIVARA-PLA-STD-U
print_tech3d,20899566164,Vaso Design Geometrico Moderno,-,VAS-GEOMETRICO,VAS-GEOMETRICO-PLA-STD-U
print_tech3d,20097980582,Suporte de parede para capacete,Parafuso + Buchas,SUP-CAPACETE,SUP-CAPACETE-PLA-CPB-U
print_tech3d,20097980582,Suporte de parede para capacete,Sem buchas,SUP-CAPACETE,SUP-CAPACETE-PLA-SBU-U
print_tech3d,20097980582,Suporte de parede para capacete,Somente parafusos,SUP-CAPACETE,SUP-CAPACETE-PLA-SPA-U
print_tech3d,21498035494,Boneco figure Looney Tunes,Frajola,BON-LOONEY,BON-LOONEY-PLA-FRA-G
print_tech3d,21498035494,Boneco figure Looney Tunes,Pernalonga,BON-LOONEY,BON-LOONEY-PLA-PER-G
print_tech3d,21498035494,Boneco figure Looney Tunes,Patolino,BON-LOONEY,BON-LOONEY-PLA-PAT-G
print_tech3d,21498035494,Boneco figure Looney Tunes,Kit com os 3 personagens,BON-LOONEY,BON-LOONEY-PLA-KIT-G
print_tech3d,21197992713,Vaso Design Zigzag Moderno,-,VAS-ZIGZAG,VAS-ZIGZAG-PLA-STD-U
print_tech3d,22098135171,Organizador de Cabos passa fio,"Preto,2",ORG-PASSAFIO,ORG-PASSAFIO-PLA-PRT-02
print_tech3d,22098135171,Organizador de Cabos passa fio,"Preto,4",ORG-PASSAFIO,ORG-PASSAFIO-PLA-PRT-04
print_tech3d,22098135171,Organizador de Cabos passa fio,"Preto,8",ORG-PASSAFIO,ORG-PASSAFIO-PLA-PRT-08
print_tech3d,22098135171,Organizador de Cabos passa fio,"Preto,12",ORG-PASSAFIO,ORG-PASSAFIO-PLA-PRT-12
print_tech3d,22098135171,Organizador de Cabos passa fio,"Preto,20",ORG-PASSAFIO,ORG-PASSAFIO-PLA-PRT-20
print_tech3d,22098135171,Organizador de Cabos passa fio,"Branco,2",ORG-PASSAFIO,ORG-PASSAFIO-PLA-BRC-02
print_tech3d,22098135171,Organizador de Cabos passa fio,"Branco,4",ORG-PASSAFIO,ORG-PASSAFIO-PLA-BRC-04
print_tech3d,22098135171,Organizador de Cabos passa fio,"Branco,8",ORG-PASSAFIO,ORG-PASSAFIO-PLA-BRC-08
print_tech3d,22098135171,Organizador de Cabos passa fio,"Branco,12",ORG-PASSAFIO,ORG-PASSAFIO-PLA-BRC-12
print_tech3d,22098135171,Organizador de Cabos passa fio,"Branco,20",ORG-PASSAFIO,ORG-PASSAFIO-PLA-BRC-20
print_tech3d,21798025672,Cortador de Biscoito Unicornio,-,COR-UNICORNIO,COR-UNICORNIO-PLA-STD-U
print_tech3d,22098199108,Kit 3 Cortadores Mandala,-,COR-MANDALA,COR-MANDALA-PLA-STD-U
print_tech3d,22193543514,Kit Cortadores Osso 3 Tamanhos Pet,-,COR-OSSO,COR-OSSO-PLA-STD-U
print_tech3d,22099029875,Decoracao Halloween Ceifador,Sem vela,DEC-CEIFADOR,DEC-CEIFADOR-PLA-SVE-U
print_tech3d,22099029875,Decoracao Halloween Ceifador,Com Vela,DEC-CEIFADOR,DEC-CEIFADOR-PLA-CVE-U
print_tech3d,22193557634,Coletor de Po para furadeira,-,FER-COLETORPO,FER-COLETORPO-PLA-STD-U
print_tech3d,22593858403,Marcadores cortador pascoa coelhos,1,COR-PASCCOELHO,COR-PASCCOELHO-PLA-V1-U
print_tech3d,22593858403,Marcadores cortador pascoa coelhos,2,COR-PASCCOELHO,COR-PASCCOELHO-PLA-V2-U
print_tech3d,22593858403,Marcadores cortador pascoa coelhos,3,COR-PASCCOELHO,COR-PASCCOELHO-PLA-V3-U
print_tech3d,22593858403,Marcadores cortador pascoa coelhos,4,COR-PASCCOELHO,COR-PASCCOELHO-PLA-V4-U
print_tech3d,22593858403,Marcadores cortador pascoa coelhos,5,COR-PASCCOELHO,COR-PASCCOELHO-PLA-V5-U
print_tech3d,22593858403,Marcadores cortador pascoa coelhos,6,COR-PASCCOELHO,COR-PASCCOELHO-PLA-V6-U
print_tech3d,22593858403,Marcadores cortador pascoa coelhos,7,COR-PASCCOELHO,COR-PASCCOELHO-PLA-V7-U
print_tech3d,22593858403,Marcadores cortador pascoa coelhos,8,COR-PASCCOELHO,COR-PASCCOELHO-PLA-V8-U
print_tech3d,22493624102,Organizador de cabo engate rapido coaxial,"Preto,4",ORG-ENGATE,ORG-ENGATE-PLA-PRT-04
print_tech3d,22493624102,Organizador de cabo engate rapido coaxial,"Preto,8",ORG-ENGATE,ORG-ENGATE-PLA-PRT-08
print_tech3d,22493624102,Organizador de cabo engate rapido coaxial,"Preto,12",ORG-ENGATE,ORG-ENGATE-PLA-PRT-12
print_tech3d,22493624102,Organizador de cabo engate rapido coaxial,"Preto,20",ORG-ENGATE,ORG-ENGATE-PLA-PRT-20
print_tech3d,22493624102,Organizador de cabo engate rapido coaxial,"Branco,4",ORG-ENGATE,ORG-ENGATE-PLA-BRC-04
print_tech3d,22493624102,Organizador de cabo engate rapido coaxial,"Branco,8",ORG-ENGATE,ORG-ENGATE-PLA-BRC-08
print_tech3d,22493624102,Organizador de cabo engate rapido coaxial,"Branco,12",ORG-ENGATE,ORG-ENGATE-PLA-BRC-12
print_tech3d,22493624102,Organizador de cabo engate rapido coaxial,"Branco,20",ORG-ENGATE,ORG-ENGATE-PLA-BRC-20
print_tech3d,22198934724,Hub de Filamento Bambu Lab A1,-,IMP-HUBFILAM,IMP-HUBFILAM-PLA-STD-U
print_tech3d,22198085056,Reparo de Tomada 4x2 Angulado,"somente parafusos,2",ELE-TOMADAANG,ELE-TOMADAANG-PLA-SPA-02
print_tech3d,22198085056,Reparo de Tomada 4x2 Angulado,"somente parafusos,4",ELE-TOMADAANG,ELE-TOMADAANG-PLA-SPA-04
print_tech3d,22198085056,Reparo de Tomada 4x2 Angulado,"somente parafusos,6",ELE-TOMADAANG,ELE-TOMADAANG-PLA-SPA-06
print_tech3d,22198085056,Reparo de Tomada 4x2 Angulado,"somente parafusos,8",ELE-TOMADAANG,ELE-TOMADAANG-PLA-SPA-08
print_tech3d,22198085056,Reparo de Tomada 4x2 Angulado,"somente parafusos,10",ELE-TOMADAANG,ELE-TOMADAANG-PLA-SPA-10
print_tech3d,22198085056,Reparo de Tomada 4x2 Angulado,"Sem parafusos,2",ELE-TOMADAANG,ELE-TOMADAANG-PLA-SPF-02
print_tech3d,22198085056,Reparo de Tomada 4x2 Angulado,"Sem parafusos,4",ELE-TOMADAANG,ELE-TOMADAANG-PLA-SPF-04
print_tech3d,22198085056,Reparo de Tomada 4x2 Angulado,"Sem parafusos,6",ELE-TOMADAANG,ELE-TOMADAANG-PLA-SPF-06
print_tech3d,22198085056,Reparo de Tomada 4x2 Angulado,"Sem parafusos,8",ELE-TOMADAANG,ELE-TOMADAANG-PLA-SPF-08
print_tech3d,22198085056,Reparo de Tomada 4x2 Angulado,"Sem parafusos,10",ELE-TOMADAANG,ELE-TOMADAANG-PLA-SPF-10
print_tech3d,22198085056,Reparo de Tomada 4x2 Angulado,"parafusos + buchas,2",ELE-TOMADAANG,ELE-TOMADAANG-PLA-CPB-02
print_tech3d,22198085056,Reparo de Tomada 4x2 Angulado,"parafusos + buchas,4",ELE-TOMADAANG,ELE-TOMADAANG-PLA-CPB-04
print_tech3d,22198085056,Reparo de Tomada 4x2 Angulado,"parafusos + buchas,6",ELE-TOMADAANG,ELE-TOMADAANG-PLA-CPB-06
print_tech3d,22198085056,Reparo de Tomada 4x2 Angulado,"parafusos + buchas,8",ELE-TOMADAANG,ELE-TOMADAANG-PLA-CPB-08
print_tech3d,22198085056,Reparo de Tomada 4x2 Angulado,"parafusos + buchas,10",ELE-TOMADAANG,ELE-TOMADAANG-PLA-CPB-10
print_tech3d,22394519369,Vela fantasma flutuante halloween,Baixa (7CM),DEC-FANTASMA,DEC-FANTASMA-PLA-STD-P
print_tech3d,22394519369,Vela fantasma flutuante halloween,Alta (9CM),DEC-FANTASMA,DEC-FANTASMA-PLA-STD-G
print_tech3d,22393533403,Kit Cortadores Coracao 3 Tamanhos,-,COR-CORACAO,COR-CORACAO-PLA-STD-U
print_tech3d,22493616596,Kit Cortadores Tema Pascoa 5 Desenhos,-,COR-PASCOA5,COR-PASCOA5-PLA-STD-U
print_tech3d,22598785656,Acessorio extra colecao Urban,Oculos Sol,BON-URBANACES,BON-URBANACES-PLA-OSO-U
print_tech3d,22598785656,Acessorio extra colecao Urban,Oculos Grau,BON-URBANACES,BON-URBANACES-PLA-OGR-U
print_tech3d,22598785656,Acessorio extra colecao Urban,Blusa,BON-URBANACES,BON-URBANACES-PLA-BLU-U
print_tech3d,22598785656,Acessorio extra colecao Urban,Calca,BON-URBANACES,BON-URBANACES-PLA-CAL-U
print_tech3d,22598785656,Acessorio extra colecao Urban,Tenis,BON-URBANACES,BON-URBANACES-PLA-TEN-U
print_tech3d,22598068918,Cortador com carimbo Boneco de gengibre,-,COR-GENGIBRE,COR-GENGIBRE-PLA-STD-G
print_tech3d,22493628876,Vasinho suculenta Pac Man,Laranja,VAS-PACMAN,VAS-PACMAN-PLA-LRJ-P
print_tech3d,22493628876,Vasinho suculenta Pac Man,Azul Transformado,VAS-PACMAN,VAS-PACMAN-PLA-AZT-P
print_tech3d,22493628876,Vasinho suculenta Pac Man,Amarelo Pac Man,VAS-PACMAN,VAS-PACMAN-PLA-AMR-P
print_tech3d,22493628876,Vasinho suculenta Pac Man,Vermelho Neon,VAS-PACMAN,VAS-PACMAN-PLA-VNE-P
print_tech3d,22493628876,Vasinho suculenta Pac Man,Azul,VAS-PACMAN,VAS-PACMAN-PLA-AZL-P
print_tech3d,22493628876,Vasinho suculenta Pac Man,Vermelho,VAS-PACMAN,VAS-PACMAN-PLA-VRM-P
print_tech3d,22493628876,Vasinho suculenta Pac Man,Rosa Bebe,VAS-PACMAN,VAS-PACMAN-PLA-RSA-P
print_tech3d,23198069098,Suporte Celular banco concha recaro,-,SUP-RECARO,SUP-RECARO-PLA-STD-U
print_tech3d,22694522409,Lanterna dos Mortos-Vivos halloween,-,DEC-LANTERNA,DEC-LANTERNA-PLA-STD-U
print_tech3d,22793822661,Boneco figure Taz-Mania,-,BON-TAZ,BON-TAZ-PLA-STD-U
print_tech3d,22894678563,Kit 3 Mini Anjinhos Natalinos,1,DEC-ANJINHOS,DEC-ANJINHOS-PLA-V1-U
print_tech3d,22894678563,Kit 3 Mini Anjinhos Natalinos,2,DEC-ANJINHOS,DEC-ANJINHOS-PLA-V2-U
print_tech3d,22894678563,Kit 3 Mini Anjinhos Natalinos,3,DEC-ANJINHOS,DEC-ANJINHOS-PLA-V3-U
print_tech3d,22894678563,Kit 3 Mini Anjinhos Natalinos,4,DEC-ANJINHOS,DEC-ANJINHOS-PLA-V4-U
print_tech3d,22894678563,Kit 3 Mini Anjinhos Natalinos,Com detalhes,DEC-ANJINHOS,DEC-ANJINHOS-PLA-DET-U
print_tech3d,22899343203,Taca da copa do mundo 2026,10 CM,DEC-TACACOPA,DEC-TACACOPA-PLA-STD-P
print_tech3d,22899343203,Taca da copa do mundo 2026,15 CM,DEC-TACACOPA,DEC-TACACOPA-PLA-STD-M
print_tech3d,22899343203,Taca da copa do mundo 2026,20 CM,DEC-TACACOPA,DEC-TACACOPA-PLA-STD-G
print_tech3d,22899343203,Taca da copa do mundo 2026,Chaveiro,DEC-TACACOPA,DEC-TACACOPA-PLA-STD-CHV
print_tech3d,22898063650,Cortador com carimbo Papai Noel,-,COR-PAPAINOEL,COR-PAPAINOEL-PLA-STD-U
print_tech3d,23194421924,Boneco figure Looney Tunes Versao Mini,Frajola,BON-LOONEY,BON-LOONEY-PLA-FRA-P
print_tech3d,23194421924,Boneco figure Looney Tunes Versao Mini,Pernalonga,BON-LOONEY,BON-LOONEY-PLA-PER-P
print_tech3d,23194421924,Boneco figure Looney Tunes Versao Mini,Patolino,BON-LOONEY,BON-LOONEY-PLA-PAT-P
print_tech3d,23194421924,Boneco figure Looney Tunes Versao Mini,Kit com os 3 personagens,BON-LOONEY,BON-LOONEY-PLA-KIT-P
print_tech3d,23194662959,Anjo com Vela Eletronica Natal,-,DEC-ANJOVELA,DEC-ANJOVELA-PLA-STD-U
print_tech3d,23398932121,Kit Hotend Troca Rapida Bambu Lab A1,0.4,IMP-HOTEND,IMP-HOTEND-PLA-STD-04
print_tech3d,23298184310,Cortador Pata de Cachorro e Gato,Pata gato,COR-PATAPET,COR-PATAPET-PLA-GAT-U
print_tech3d,23298184310,Cortador Pata de Cachorro e Gato,Pata cachorro,COR-PATAPET,COR-PATAPET-PLA-CAO-U
print_tech3d,23298184310,Cortador Pata de Cachorro e Gato,Patinhas,COR-PATAPET,COR-PATAPET-PLA-PAT-U
print_tech3d,23298184310,Cortador Pata de Cachorro e Gato,Todos,COR-PATAPET,COR-PATAPET-PLA-KIT-U
print_tech3d,23399309521,Escultura Nossa Senhora,8 (CM),DEC-NSENHORA,DEC-NSENHORA-PLA-STD-08
print_tech3d,23399309521,Escultura Nossa Senhora,10 (CM),DEC-NSENHORA,DEC-NSENHORA-PLA-STD-10
print_tech3d,23399309521,Escultura Nossa Senhora,14 (CM),DEC-NSENHORA,DEC-NSENHORA-PLA-STD-14
print_tech3d,23399309521,Escultura Nossa Senhora,16 (CM),DEC-NSENHORA,DEC-NSENHORA-PLA-STD-16
print_tech3d,23593677882,Cortador pascoa religioso Jesus Premium,Maozinha,COR-PASCJESUS,COR-PASCJESUS-PLA-MAO-U
print_tech3d,23593677882,Cortador pascoa religioso Jesus Premium,Cruz,COR-PASCJESUS,COR-PASCJESUS-PLA-CRU-U
print_tech3d,23593677882,Cortador pascoa religioso Jesus Premium,Janela,COR-PASCJESUS,COR-PASCJESUS-PLA-JAN-U
print_tech3d,23493624785,Kit 2un Suporte de parede para capacete,Parafuso + Buchas,SUP-CAPACETE,SUP-CAPACETE-PLA-CPB-02
print_tech3d,23493624785,Kit 2un Suporte de parede para capacete,Sem buchas,SUP-CAPACETE,SUP-CAPACETE-PLA-SBU-02
print_tech3d,23493624785,Kit 2un Suporte de parede para capacete,Somente parafusos,SUP-CAPACETE,SUP-CAPACETE-PLA-SPA-02
print_tech3d,23698114197,Kit chaveiro 3 soldados Round 6,-,CHV-ROUND6,CHV-ROUND6-PLA-STD-U
print_tech3d,23493830529,Jogo Round 6 Gonggi pedrinhas,Pedrinhas + Suporte,BRQ-GONGGI,BRQ-GONGGI-PLA-CSU-U
print_tech3d,23493830529,Jogo Round 6 Gonggi pedrinhas,Pedrinhas,BRQ-GONGGI,BRQ-GONGGI-PLA-SPE-U
print_tech3d,23993518134,Kit Cortadores Tema Natal 7 Desenhos,-,COR-NATAL7,COR-NATAL7-PLA-STD-U
print_tech3d,23793542286,Dock carregador MagSafe Samsung S23,Preto,SUP-DOCKS23,SUP-DOCKS23-PLA-PRT-U
print_tech3d,23793542286,Dock carregador MagSafe Samsung S23,Branco,SUP-DOCKS23,SUP-DOCKS23-PLA-BRC-U
print_tech3d,23793542286,Dock carregador MagSafe Samsung S23,Cinza,SUP-DOCKS23,SUP-DOCKS23-PLA-CNZ-U
print_tech3d,23993584449,Escorredor de talheres elefante,Preto,ORG-ELEFANTE,ORG-ELEFANTE-PLA-PRT-U
print_tech3d,23993584449,Escorredor de talheres elefante,Branco,ORG-ELEFANTE,ORG-ELEFANTE-PLA-BRC-U
print_tech3d,58252790794,Mini Maozinha Dedoche,Azul,BRQ-DEDOCHE,BRQ-DEDOCHE-PLA-AZL-U
print_tech3d,58252790794,Mini Maozinha Dedoche,Marrom,BRQ-DEDOCHE,BRQ-DEDOCHE-PLA-MRR-U
print_tech3d,58252790794,Mini Maozinha Dedoche,Branco,BRQ-DEDOCHE,BRQ-DEDOCHE-PLA-BRC-U
print_tech3d,58252790794,Mini Maozinha Dedoche,Preto,BRQ-DEDOCHE,BRQ-DEDOCHE-PLA-PRT-U
print_tech3d,58252790794,Mini Maozinha Dedoche,Bege,BRQ-DEDOCHE,BRQ-DEDOCHE-PLA-BEG-U
print_tech3d,58252790794,Mini Maozinha Dedoche,Verde,BRQ-DEDOCHE,BRQ-DEDOCHE-PLA-VRD-U
print_tech3d,58204523207,Impressora 3D Flashforge AD5X com Kit,-,IMP-FLASHAD5X,IMP-FLASHAD5X-PLA-STD-U
print_tech3d,23998051904,Nicho Expositor miniaturas 1/64 10 Posicoes,Preto,ORG-NICHO164,ORG-NICHO164-PLA-PRT-U
print_tech3d,23998051904,Nicho Expositor miniaturas 1/64 10 Posicoes,Cinza Escuro,ORG-NICHO164,ORG-NICHO164-PLA-CNE-U
print_tech3d,23998051904,Nicho Expositor miniaturas 1/64 10 Posicoes,Cinza Claro,ORG-NICHO164,ORG-NICHO164-PLA-CNC-U
print_tech3d,58203679791,Eliminador Corta Neve Bajaj Dominar NS 400,-,AUT-BAJAJNS400,AUT-BAJAJNS400-PLA-STD-U
luizmiguelsebastiani,58256064989,Suporte de parede para capacete,Somente parafusos,SUP-CAPACETE,SUP-CAPACETE-PLA-SPA-U
luizmiguelsebastiani,58256064989,Suporte de parede para capacete,Parafuso + Buchas,SUP-CAPACETE,SUP-CAPACETE-PLA-CPB-U
luizmiguelsebastiani,58256064989,Suporte de parede para capacete,Sem buchas,SUP-CAPACETE,SUP-CAPACETE-PLA-SBU-U
luizmiguelsebastiani,58206077097,Acessorio extra colecao Urban,Calca,BON-URBANACES,BON-URBANACES-PLA-CAL-U
luizmiguelsebastiani,58206077097,Acessorio extra colecao Urban,Tenis,BON-URBANACES,BON-URBANACES-PLA-TEN-U
luizmiguelsebastiani,58206077097,Acessorio extra colecao Urban,Oculos Sol,BON-URBANACES,BON-URBANACES-PLA-OSO-U
luizmiguelsebastiani,58206077097,Acessorio extra colecao Urban,Oculos Grau,BON-URBANACES,BON-URBANACES-PLA-OGR-U
luizmiguelsebastiani,58206077097,Acessorio extra colecao Urban,Blusa,BON-URBANACES,BON-URBANACES-PLA-BLU-U
luizmiguelsebastiani,58216617690,Porta Ampolas 3ml 4 Compartimentos,Rosa,ORG-AMPOLA3ML,ORG-AMPOLA3ML-PLA-RSA-U
luizmiguelsebastiani,58216617690,Porta Ampolas 3ml 4 Compartimentos,Azul,ORG-AMPOLA3ML,ORG-AMPOLA3ML-PLA-AZL-U
luizmiguelsebastiani,58216617690,Porta Ampolas 3ml 4 Compartimentos,Amarelo,ORG-AMPOLA3ML,ORG-AMPOLA3ML-PLA-AMR-U
luizmiguelsebastiani,58216617690,Porta Ampolas 3ml 4 Compartimentos,Vermelho,ORG-AMPOLA3ML,ORG-AMPOLA3ML-PLA-VRM-U
luizmiguelsebastiani,58216617690,Porta Ampolas 3ml 4 Compartimentos,Durado,ORG-AMPOLA3ML,ORG-AMPOLA3ML-PLA-DRD-U
luizmiguelsebastiani,58216617690,Porta Ampolas 3ml 4 Compartimentos,Preto,ORG-AMPOLA3ML,ORG-AMPOLA3ML-PLA-PRT-U
luizmiguelsebastiani,58216617690,Porta Ampolas 3ml 4 Compartimentos,Branco,ORG-AMPOLA3ML,ORG-AMPOLA3ML-PLA-BRC-U
luizmiguelsebastiani,58216617690,Porta Ampolas 3ml 4 Compartimentos,Bege,ORG-AMPOLA3ML,ORG-AMPOLA3ML-PLA-BEG-U
luizmiguelsebastiani,23099370801,Suporte de parede para PS4 Slim e controle,-,SUP-PS4SLIM,SUP-PS4SLIM-PLA-STD-U
luizmiguelsebastiani,58206077036,Kit 3 Mini Anjinhos Natalinos,Com detalhes,DEC-ANJINHOS,DEC-ANJINHOS-PLA-DET-U
luizmiguelsebastiani,58206077036,Kit 3 Mini Anjinhos Natalinos,1,DEC-ANJINHOS,DEC-ANJINHOS-PLA-V1-U
luizmiguelsebastiani,58206077036,Kit 3 Mini Anjinhos Natalinos,2,DEC-ANJINHOS,DEC-ANJINHOS-PLA-V2-U
luizmiguelsebastiani,58206077036,Kit 3 Mini Anjinhos Natalinos,3,DEC-ANJINHOS,DEC-ANJINHOS-PLA-V3-U
luizmiguelsebastiani,58206077036,Kit 3 Mini Anjinhos Natalinos,4,DEC-ANJINHOS,DEC-ANJINHOS-PLA-V4-U
luizmiguelsebastiani,22799368207,Boneco Ghostface Scary Movie,Panico,BON-GHOSTFACE,BON-GHOSTFACE-PLA-PAN-U
luizmiguelsebastiani,22799368207,Boneco Ghostface Scary Movie,Ima,BON-GHOSTFACE,BON-GHOSTFACE-PLA-IMA-U
luizmiguelsebastiani,22799368207,Boneco Ghostface Scary Movie,Todo mundo em Panico,BON-GHOSTFACE,BON-GHOSTFACE-PLA-TMP-U
luizmiguelsebastiani,23999347184,Cranio de T-Rex decorativo,Medio,DEC-TREX,DEC-TREX-PLA-STD-M
luizmiguelsebastiani,23999347184,Cranio de T-Rex decorativo,Grande,DEC-TREX,DEC-TREX-PLA-STD-G
luizmiguelsebastiani,23999347184,Cranio de T-Rex decorativo,Pequeno,DEC-TREX,DEC-TREX-PLA-STD-P
luizmiguelsebastiani,23799357186,Taca da copa do mundo 2026,Chaveiro,DEC-TACACOPA,DEC-TACACOPA-PLA-STD-CHV
luizmiguelsebastiani,23799357186,Taca da copa do mundo 2026,10 CM,DEC-TACACOPA,DEC-TACACOPA-PLA-STD-P
luizmiguelsebastiani,23799357186,Taca da copa do mundo 2026,15 CM,DEC-TACACOPA,DEC-TACACOPA-PLA-STD-M
luizmiguelsebastiani,23799357186,Taca da copa do mundo 2026,20 CM,DEC-TACACOPA,DEC-TACACOPA-PLA-STD-G
luizmiguelsebastiani,23894125620,Kit 4 Miniaturas de Natal,-,DEC-KITNATAL4,DEC-KITNATAL4-PLA-STD-U
luizmiguelsebastiani,23894125627,Mini Maozinha Dedoche,Branco,BRQ-DEDOCHE,BRQ-DEDOCHE-PLA-BRC-U
luizmiguelsebastiani,23894125627,Mini Maozinha Dedoche,Preto,BRQ-DEDOCHE,BRQ-DEDOCHE-PLA-PRT-U
luizmiguelsebastiani,23894125627,Mini Maozinha Dedoche,Bege,BRQ-DEDOCHE,BRQ-DEDOCHE-PLA-BEG-U
luizmiguelsebastiani,23894125627,Mini Maozinha Dedoche,Verde,BRQ-DEDOCHE,BRQ-DEDOCHE-PLA-VRD-U
luizmiguelsebastiani,23894125627,Mini Maozinha Dedoche,Azul,BRQ-DEDOCHE,BRQ-DEDOCHE-PLA-AZL-U
luizmiguelsebastiani,23894125627,Mini Maozinha Dedoche,Marrom,BRQ-DEDOCHE,BRQ-DEDOCHE-PLA-MRR-U
luizmiguelsebastiani,23994872411,Suporte de Controle PS5 DualSense Mascara Demon Oni,-,SUP-PS5ONI,SUP-PS5ONI-PLA-STD-U
luizmiguelsebastiani,58206077023,Enfeite Natal pet personalizado,"Gatinho,Rosa bebe",DEC-NATALPET,DEC-NATALPET-PLA-RSA-GAT
luizmiguelsebastiani,58206077023,Enfeite Natal pet personalizado,"Gatinho,Azul Claro",DEC-NATALPET,DEC-NATALPET-PLA-AZC-GAT
luizmiguelsebastiani,58206077023,Enfeite Natal pet personalizado,"Gatinho,Preto",DEC-NATALPET,DEC-NATALPET-PLA-PRT-GAT
luizmiguelsebastiani,58206077023,Enfeite Natal pet personalizado,"Cachorrinho,Azul Claro",DEC-NATALPET,DEC-NATALPET-PLA-AZC-CAO
luizmiguelsebastiani,58206077023,Enfeite Natal pet personalizado,"Cachorrinho,Verde",DEC-NATALPET,DEC-NATALPET-PLA-VRD-CAO
luizmiguelsebastiani,58206077023,Enfeite Natal pet personalizado,"Cachorrinho,Preto",DEC-NATALPET,DEC-NATALPET-PLA-PRT-CAO
luizmiguelsebastiani,58206077023,Enfeite Natal pet personalizado,"Cachorrinho,Vermelho",DEC-NATALPET,DEC-NATALPET-PLA-VRM-CAO
luizmiguelsebastiani,58206077023,Enfeite Natal pet personalizado,"Gatinho,Vermelho",DEC-NATALPET,DEC-NATALPET-PLA-VRM-GAT
luizmiguelsebastiani,58206077023,Enfeite Natal pet personalizado,"Cachorrinho,Rosa bebe",DEC-NATALPET,DEC-NATALPET-PLA-RSA-CAO
luizmiguelsebastiani,58206077023,Enfeite Natal pet personalizado,"Gatinho,Verde",DEC-NATALPET,DEC-NATALPET-PLA-VRD-GAT
luizmiguelsebastiani,58206077073,Lanterna dos Mortos-Vivos halloween,-,DEC-LANTERNA,DEC-LANTERNA-PLA-STD-U
luizmiguelsebastiani,58206077090,Decoracao Halloween Ceifador,Com Vela,DEC-CEIFADOR,DEC-CEIFADOR-PLA-CVE-U
luizmiguelsebastiani,58206077090,Decoracao Halloween Ceifador,Sem vela,DEC-CEIFADOR,DEC-CEIFADOR-PLA-SVE-U
luizmiguelsebastiani,58206077080,Vela fantasma flutuante halloween,Alta (9CM),DEC-FANTASMA,DEC-FANTASMA-PLA-STD-G
luizmiguelsebastiani,58206077080,Vela fantasma flutuante halloween,Baixa (7CM),DEC-FANTASMA,DEC-FANTASMA-PLA-STD-P
luizmiguelsebastiani,58206077120,Kit 3 Cortadores Mandala,-,COR-MANDALA,COR-MANDALA-PLA-STD-U
luizmiguelsebastiani,58206314856,Kit Clipes Fecha Embalagem Gatinho,4 Unid,ORG-CLIPEGATO,ORG-CLIPEGATO-PLA-STD-04
luizmiguelsebastiani,58206314856,Kit Clipes Fecha Embalagem Gatinho,8 Unid,ORG-CLIPEGATO,ORG-CLIPEGATO-PLA-STD-08
luizmiguelsebastiani,58206314856,Kit Clipes Fecha Embalagem Gatinho,12 Unid,ORG-CLIPEGATO,ORG-CLIPEGATO-PLA-STD-12
luizmiguelsebastiani,58206314856,Kit Clipes Fecha Embalagem Gatinho,16 Unid,ORG-CLIPEGATO,ORG-CLIPEGATO-PLA-STD-16
luizmiguelsebastiani,58206077111,Marcadores cortador pascoa coelhos,7,COR-PASCCOELHO,COR-PASCCOELHO-PLA-V7-U
luizmiguelsebastiani,58206077111,Marcadores cortador pascoa coelhos,4,COR-PASCCOELHO,COR-PASCCOELHO-PLA-V4-U
luizmiguelsebastiani,58206077111,Marcadores cortador pascoa coelhos,5,COR-PASCCOELHO,COR-PASCCOELHO-PLA-V5-U
luizmiguelsebastiani,58206077111,Marcadores cortador pascoa coelhos,6,COR-PASCCOELHO,COR-PASCCOELHO-PLA-V6-U
luizmiguelsebastiani,58206077111,Marcadores cortador pascoa coelhos,8,COR-PASCCOELHO,COR-PASCCOELHO-PLA-V8-U
luizmiguelsebastiani,58206077111,Marcadores cortador pascoa coelhos,1,COR-PASCCOELHO,COR-PASCCOELHO-PLA-V1-U
luizmiguelsebastiani,58206077111,Marcadores cortador pascoa coelhos,2,COR-PASCCOELHO,COR-PASCCOELHO-PLA-V2-U
luizmiguelsebastiani,58206077111,Marcadores cortador pascoa coelhos,3,COR-PASCCOELHO,COR-PASCCOELHO-PLA-V3-U
luizmiguelsebastiani,58206982447,Grade Fan Cover 120mm modelos de flores,Cerejeira,PEC-FANCOVER120,PEC-FANCOVER120-PLA-CER-U
luizmiguelsebastiani,58206982447,Grade Fan Cover 120mm modelos de flores,Hibiscos,PEC-FANCOVER120,PEC-FANCOVER120-PLA-HIB-U
luizmiguelsebastiani,58206982447,Grade Fan Cover 120mm modelos de flores,Orquidea,PEC-FANCOVER120,PEC-FANCOVER120-PLA-ORQ-U
luizmiguelsebastiani,58211007963,Ponta aplicadora de silicone calafetar,"5,4 UN",FER-PONTASILIC,FER-PONTASILIC-PLA-M05-04
luizmiguelsebastiani,58211007963,Ponta aplicadora de silicone calafetar,"5,1 UN",FER-PONTASILIC,FER-PONTASILIC-PLA-M05-01
luizmiguelsebastiani,58211007963,Ponta aplicadora de silicone calafetar,"10,3 UN",FER-PONTASILIC,FER-PONTASILIC-PLA-M10-03
luizmiguelsebastiani,58211007963,Ponta aplicadora de silicone calafetar,"10,5 UN",FER-PONTASILIC,FER-PONTASILIC-PLA-M10-05
luizmiguelsebastiani,58211007963,Ponta aplicadora de silicone calafetar,"3,1 UN",FER-PONTASILIC,FER-PONTASILIC-PLA-M03-01
luizmiguelsebastiani,58211007963,Ponta aplicadora de silicone calafetar,"12,5 UN",FER-PONTASILIC,FER-PONTASILIC-PLA-M12-05
luizmiguelsebastiani,58211007963,Ponta aplicadora de silicone calafetar,"3,2 UN",FER-PONTASILIC,FER-PONTASILIC-PLA-M03-02
luizmiguelsebastiani,58211007963,Ponta aplicadora de silicone calafetar,"8,4 UN",FER-PONTASILIC,FER-PONTASILIC-PLA-M08-04
luizmiguelsebastiani,58211007963,Ponta aplicadora de silicone calafetar,"8,1 UN",FER-PONTASILIC,FER-PONTASILIC-PLA-M08-01
luizmiguelsebastiani,58211007963,Ponta aplicadora de silicone calafetar,"12,1 UN",FER-PONTASILIC,FER-PONTASILIC-PLA-M12-01
luizmiguelsebastiani,58211007963,Ponta aplicadora de silicone calafetar,"5,3 UN",FER-PONTASILIC,FER-PONTASILIC-PLA-M05-03
luizmiguelsebastiani,58211007963,Ponta aplicadora de silicone calafetar,"3,3 UN",FER-PONTASILIC,FER-PONTASILIC-PLA-M03-03
luizmiguelsebastiani,58211007963,Ponta aplicadora de silicone calafetar,"10,1 UN",FER-PONTASILIC,FER-PONTASILIC-PLA-M10-01
luizmiguelsebastiani,58211007963,Ponta aplicadora de silicone calafetar,"12,4 UN",FER-PONTASILIC,FER-PONTASILIC-PLA-M12-04
luizmiguelsebastiani,58211007963,Ponta aplicadora de silicone calafetar,"8,2 UN",FER-PONTASILIC,FER-PONTASILIC-PLA-M08-02
luizmiguelsebastiani,58211007963,Ponta aplicadora de silicone calafetar,"10,4 UN",FER-PONTASILIC,FER-PONTASILIC-PLA-M10-04
luizmiguelsebastiani,58211007963,Ponta aplicadora de silicone calafetar,"3,4 UN",FER-PONTASILIC,FER-PONTASILIC-PLA-M03-04
luizmiguelsebastiani,58211007963,Ponta aplicadora de silicone calafetar,"12,3 UN",FER-PONTASILIC,FER-PONTASILIC-PLA-M12-03
luizmiguelsebastiani,58211007963,Ponta aplicadora de silicone calafetar,"3,5 UN",FER-PONTASILIC,FER-PONTASILIC-PLA-M03-05
luizmiguelsebastiani,58211007963,Ponta aplicadora de silicone calafetar,"10,2 UN",FER-PONTASILIC,FER-PONTASILIC-PLA-M10-02
luizmiguelsebastiani,58211007963,Ponta aplicadora de silicone calafetar,"5,2 UN",FER-PONTASILIC,FER-PONTASILIC-PLA-M05-02
luizmiguelsebastiani,58211007963,Ponta aplicadora de silicone calafetar,"12,2 UN",FER-PONTASILIC,FER-PONTASILIC-PLA-M12-02
luizmiguelsebastiani,58211007963,Ponta aplicadora de silicone calafetar,"8,3 UN",FER-PONTASILIC,FER-PONTASILIC-PLA-M08-03
luizmiguelsebastiani,58211007963,Ponta aplicadora de silicone calafetar,"8,5 UN",FER-PONTASILIC,FER-PONTASILIC-PLA-M08-05
luizmiguelsebastiani,58211007963,Ponta aplicadora de silicone calafetar,"5,5 UN",FER-PONTASILIC,FER-PONTASILIC-PLA-M05-05
luizmiguelsebastiani,58206558686,Estante playmobil DC Kinder,Azul,ORG-ESTKINDER,ORG-ESTKINDER-PLA-AZL-U
luizmiguelsebastiani,58206558686,Estante playmobil DC Kinder,Cinza Claro,ORG-ESTKINDER,ORG-ESTKINDER-PLA-CNC-U
luizmiguelsebastiani,58206558686,Estante playmobil DC Kinder,Rosa,ORG-ESTKINDER,ORG-ESTKINDER-PLA-RSA-U
luizmiguelsebastiani,58206558686,Estante playmobil DC Kinder,Marrom,ORG-ESTKINDER,ORG-ESTKINDER-PLA-MRR-U
luizmiguelsebastiani,58206558686,Estante playmobil DC Kinder,Preta,ORG-ESTKINDER,ORG-ESTKINDER-PLA-PRT-U
luizmiguelsebastiani,58206558686,Estante playmobil DC Kinder,Branca,ORG-ESTKINDER,ORG-ESTKINDER-PLA-BRC-U
luizmiguelsebastiani,58206558686,Estante playmobil DC Kinder,Azul Claro,ORG-ESTKINDER,ORG-ESTKINDER-PLA-AZC-U
luizmiguelsebastiani,58206618934,Organizador de Cabo Starlink Mini,Branco,ORG-STARLINK,ORG-STARLINK-PLA-BRC-U
luizmiguelsebastiani,58206618934,Organizador de Cabo Starlink Mini,Preto,ORG-STARLINK,ORG-STARLINK-PLA-PRT-U
luizmiguelsebastiani,58206618934,Organizador de Cabo Starlink Mini,Cinza,ORG-STARLINK,ORG-STARLINK-PLA-CNZ-U
luizmiguelsebastiani,58206633783,Suporte Organizador de Controles Remotos 3 Lugares,-,ORG-CONTROLES,ORG-CONTROLES-PLA-STD-U
luizmiguelsebastiani,58214235096,Organizador de Colares Porta Joias Parede,Vermelho,ORG-PORTAJOIAS,ORG-PORTAJOIAS-PLA-VRM-U
luizmiguelsebastiani,58214235096,Organizador de Colares Porta Joias Parede,Branco,ORG-PORTAJOIAS,ORG-PORTAJOIAS-PLA-BRC-U
luizmiguelsebastiani,58214235096,Organizador de Colares Porta Joias Parede,Preto,ORG-PORTAJOIAS,ORG-PORTAJOIAS-PLA-PRT-U
luizmiguelsebastiani,58214235096,Organizador de Colares Porta Joias Parede,Rosa,ORG-PORTAJOIAS,ORG-PORTAJOIAS-PLA-RSA-U
luizmiguelsebastiani,58214235096,Organizador de Colares Porta Joias Parede,Bege,ORG-PORTAJOIAS,ORG-PORTAJOIAS-PLA-BEG-U
luizmiguelsebastiani,58211096183,Suporte Para Copo Caneca Lata Pata Gato,Branco e Rosa,SUP-COPOGATO,SUP-COPOGATO-PLA-BRC-RSA
luizmiguelsebastiani,58211096183,Suporte Para Copo Caneca Lata Pata Gato,Preto e Cinza,SUP-COPOGATO,SUP-COPOGATO-PLA-PRT-CNZ
luizmiguelsebastiani,58211096183,Suporte Para Copo Caneca Lata Pata Gato,Branco e Preto,SUP-COPOGATO,SUP-COPOGATO-PLA-BRC-PRT
luizmiguelsebastiani,58211096183,Suporte Para Copo Caneca Lata Pata Gato,Cinza e Preto,SUP-COPOGATO,SUP-COPOGATO-PLA-CNZ-PRT
luizmiguelsebastiani,58211096183,Suporte Para Copo Caneca Lata Pata Gato,Laranja e Branco,SUP-COPOGATO,SUP-COPOGATO-PLA-LRJ-BRC
luizmiguelsebastiani,58256064850,Boneco figure Looney Tunes Versao Mini,Kit com os 3 personagens,BON-LOONEY,BON-LOONEY-PLA-KIT-P
luizmiguelsebastiani,58256064850,Boneco figure Looney Tunes Versao Mini,Pernalonga,BON-LOONEY,BON-LOONEY-PLA-PER-P
luizmiguelsebastiani,58256064850,Boneco figure Looney Tunes Versao Mini,Patolino,BON-LOONEY,BON-LOONEY-PLA-PAT-P
luizmiguelsebastiani,58256064850,Boneco figure Looney Tunes Versao Mini,Frajola,BON-LOONEY,BON-LOONEY-PLA-FRA-P
luizmiguelsebastiani,58256064837,Boneco figure action Coyote,Coyote 1,BON-COYOTE,BON-COYOTE-PLA-V1-U
luizmiguelsebastiani,58256064837,Boneco figure action Coyote,Coyote 2,BON-COYOTE,BON-COYOTE-PLA-V2-U
luizmiguelsebastiani,58256064837,Boneco figure action Coyote,Coyote 3,BON-COYOTE,BON-COYOTE-PLA-V3-U
luizmiguelsebastiani,58256064837,Boneco figure action Coyote,Coyote 4,BON-COYOTE,BON-COYOTE-PLA-V4-U
luizmiguelsebastiani,58256064795,Eliminador Corta Neve Bajaj Dominar NS 400,-,AUT-BAJAJNS400,AUT-BAJAJNS400-PLA-STD-U
luizmiguelsebastiani,58256064863,Escultura Nossa Senhora,14 (CM),DEC-NSENHORA,DEC-NSENHORA-PLA-STD-14
luizmiguelsebastiani,58256064863,Escultura Nossa Senhora,16 (CM),DEC-NSENHORA,DEC-NSENHORA-PLA-STD-16
luizmiguelsebastiani,58256064863,Escultura Nossa Senhora,8 (CM),DEC-NSENHORA,DEC-NSENHORA-PLA-STD-08
luizmiguelsebastiani,58256064863,Escultura Nossa Senhora,10 (CM),DEC-NSENHORA,DEC-NSENHORA-PLA-STD-10
luizmiguelsebastiani,58256064920,Anjo com Vela Eletronica Natal,-,DEC-ANJOVELA,DEC-ANJOVELA-PLA-STD-U
luizmiguelsebastiani,58256064879,Boneco figure Looney Tunes,Pernalonga,BON-LOONEY,BON-LOONEY-PLA-PER-G
luizmiguelsebastiani,58256064879,Boneco figure Looney Tunes,Patolino,BON-LOONEY,BON-LOONEY-PLA-PAT-G
luizmiguelsebastiani,58256064879,Boneco figure Looney Tunes,Frajola,BON-LOONEY,BON-LOONEY-PLA-FRA-G
luizmiguelsebastiani,58256064879,Boneco figure Looney Tunes,Kit com os 3 personagens,BON-LOONEY,BON-LOONEY-PLA-KIT-G
luizmiguelsebastiani,58256064885,Nicho Expositor miniaturas 1/64 10 Posicoes,Cinza Claro,ORG-NICHO164,ORG-NICHO164-PLA-CNC-U
luizmiguelsebastiani,58256064885,Nicho Expositor miniaturas 1/64 10 Posicoes,Preto,ORG-NICHO164,ORG-NICHO164-PLA-PRT-U
luizmiguelsebastiani,58256064885,Nicho Expositor miniaturas 1/64 10 Posicoes,Cinza Escuro,ORG-NICHO164,ORG-NICHO164-PLA-CNE-U
luizmiguelsebastiani,58256064964,Marcadores cortador pascoa playdoh,2,COR-PASCPLAY,COR-PASCPLAY-PLA-V2-U
luizmiguelsebastiani,58256064964,Marcadores cortador pascoa playdoh,3,COR-PASCPLAY,COR-PASCPLAY-PLA-V3-U
luizmiguelsebastiani,58256064964,Marcadores cortador pascoa playdoh,1,COR-PASCPLAY,COR-PASCPLAY-PLA-V1-U
luizmiguelsebastiani,58256064912,Kit Cortadores Tema Natal 7 Desenhos,-,COR-NATAL7,COR-NATAL7-PLA-STD-U
